{"cameraMode":{"drawMode":0,"name":"Shaded","section":"Shading Mode"},"sceneLighting":false,"audioPlay":false,"sceneViewState":{"showFog":true,"showMaterialUpdate":false,"showSkybox":false,"showFlares":true,"showImageEffects":true,"showParticleSystems":true},"in2DMode":false,"pivot":{"x":8.03250503540039,"y":-0.6878486275672913,"z":-17.745285034179689},"rotation":{"x":-0.005523310508579016,"y":-0.9856701493263245,"z":0.03223481401801109,"w":-0.16594000160694123},"size":13.608617782592774,"orthographic":false}