{"cameraMode":{"drawMode":0,"name":"Shaded","section":"Shading Mode"},"sceneLighting":false,"audioPlay":false,"sceneViewState":{"showFog":true,"showMaterialUpdate":false,"showSkybox":false,"showFlares":true,"showImageEffects":true,"showParticleSystems":true},"in2DMode":false,"pivot":{"x":-2.676820993423462,"y":-5.918487548828125,"z":-8.641064643859864},"rotation":{"x":0.017521735280752183,"y":-0.97709721326828,"z":0.08938699960708618,"w":0.19270026683807374},"size":13.2481050491333,"orthographic":false}