{"cameraMode":{"drawMode":0,"name":"Shaded","section":"Shading Mode"},"sceneLighting":true,"audioPlay":false,"sceneViewState":{"showFog":true,"showMaterialUpdate":false,"showSkybox":true,"showFlares":true,"showImageEffects":true,"showParticleSystems":true},"in2DMode":false,"pivot":{"x":-0.34429991245269778,"y":35.587947845458987,"z":-14.184014320373536},"rotation":{"x":0.12204752862453461,"y":0.0327775664627552,"z":0.003771080868318677,"w":-0.9921215176582336},"size":2.3987550735473635,"orthographic":false}