{"cameraMode":{"drawMode":0,"name":"Shaded","section":"Shading Mode"},"sceneLighting":false,"audioPlay":false,"sceneViewState":{"showFog":true,"showMaterialUpdate":false,"showSkybox":false,"showFlares":true,"showImageEffects":true,"showParticleSystems":true},"in2DMode":false,"pivot":{"x":22.597431182861329,"y":-10.69951343536377,"z":9.606169700622559},"rotation":{"x":-0.185554638504982,"y":-0.4970753490924835,"z":0.10962682217359543,"w":-0.8406006693840027},"size":13.2481050491333,"orthographic":false}