{"cameraMode":{"drawMode":0,"name":"Shaded","section":"Shading Mode"},"sceneLighting":true,"audioPlay":false,"sceneViewState":{"showFog":true,"showMaterialUpdate":false,"showSkybox":true,"showFlares":true,"showImageEffects":true,"showParticleSystems":true},"in2DMode":false,"pivot":{"x":-0.10174520313739777,"y":34.77877426147461,"z":-16.34561538696289},"rotation":{"x":-0.2030753493309021,"y":-0.03676702454686165,"z":0.0073886774480342869,"w":-0.9785812497138977},"size":0.6900840997695923,"orthographic":false}