{"cameraMode":{"drawMode":0,"name":"Shaded","section":"Shading Mode"},"sceneLighting":true,"audioPlay":false,"sceneViewState":{"showFog":true,"showMaterialUpdate":false,"showSkybox":true,"showFlares":true,"showImageEffects":true,"showParticleSystems":true},"in2DMode":false,"pivot":{"x":-0.08303070813417435,"y":36.75395584106445,"z":-12.556747436523438},"rotation":{"x":0.12806163728237153,"y":0.0015172665007412434,"z":-0.00006753292836947367,"w":-0.9919233322143555},"size":2.3987550735473635,"orthographic":false}