{"cameraMode":{"drawMode":0,"name":"Shaded","section":"Shading Mode"},"sceneLighting":false,"audioPlay":false,"sceneViewState":{"showFog":true,"showMaterialUpdate":false,"showSkybox":false,"showFlares":true,"showImageEffects":true,"showParticleSystems":true},"in2DMode":false,"pivot":{"x":17.0416316986084,"y":-3.8609089851379396,"z":19.424373626708986},"rotation":{"x":-0.05242348462343216,"y":-0.31364575028419497,"z":0.017234083265066148,"w":-0.9480116367340088},"size":13.2481050491333,"orthographic":false}