{"cameraMode":{"drawMode":0,"name":"Shaded","section":"Shading Mode"},"sceneLighting":false,"audioPlay":false,"sceneViewState":{"showFog":true,"showMaterialUpdate":false,"showSkybox":false,"showFlares":true,"showImageEffects":true,"showParticleSystems":true},"in2DMode":false,"pivot":{"x":-1.3145833015441895,"y":-10.28944206237793,"z":-13.238207817077637},"rotation":{"x":0.0025510541163384916,"y":-0.9935050010681152,"z":0.11195152997970581,"w":0.02357071451842785},"size":13.2481050491333,"orthographic":false}